phone,first_name,last_name,state,email,zip,product,notes
205-233-7101,Avery,Martin,FL,avery.martin@example.test,33101,term_life,Campaign import demo lead
205-233-7102,Jordan,Lee,TX,jordan.lee@example.test,75201,term_life,Campaign import demo lead
205-233-7103,Riley,Nguyen,AZ,riley.nguyen@example.test,85001,term_life,Campaign import demo lead
205-233-7104,Casey,Patel,CA,casey.patel@example.test,94105,term_life,Campaign import demo lead
205-233-7105,Morgan,Reed,NY,morgan.reed@example.test,10001,term_life,Campaign import demo lead
205-233-7106,Taylor,Wilson,GA,taylor.wilson@example.test,30301,term_life,Campaign import demo lead
205-233-7107,Cameron,Brooks,IL,cameron.brooks@example.test,60601,term_life,Campaign import demo lead
205-233-7108,Quinn,Adams,CO,quinn.adams@example.test,80202,term_life,Campaign import demo lead
205-233-7109,Reese,Walker,WA,reese.walker@example.test,98101,term_life,Campaign import demo lead
205-233-7110,Hayden,Thomas,OH,hayden.thomas@example.test,43215,term_life,Campaign import demo lead
