#,Area,Route,Screen,Artboard,File,Status,Started,Partially done,Finished,Notes
1,Shell & chrome (applies to every page),,"Top bar — search, notifications, alerts, account menu",p-nav-spec,components/app/app-top-bar.tsx,Finished,TRUE,FALSE,TRUE,
2,Shell & chrome (applies to every page),,Top bar flush to the top of the content column,p-nav-spec,three layout.tsx + .portal-top-bar,Finished,TRUE,FALSE,TRUE,
3,Shell & chrome (applies to every page),,Search results panel,p-nav-search,"lib/search/*, app/api/*/search",Finished,TRUE,FALSE,TRUE,
4,Shell & chrome (applies to every page),,Notifications panel (personal events),p-nav-notifications,lib/agentAlerts/useAgentAlertFeed.ts,Finished,TRUE,FALSE,TRUE,
5,Shell & chrome (applies to every page),,Alerts panel (workspace events),p-nav-alerts,same,Finished,TRUE,FALSE,TRUE,
6,Shell & chrome (applies to every page),,Account menu + sign out,p-nav-profile,app-top-bar.tsx,Finished,TRUE,FALSE,TRUE,
7,Shell & chrome (applies to every page),,Staff search variant,p-nav-admin,lib/search/adminService.ts,Finished,TRUE,FALSE,TRUE,
8,Shell & chrome (applies to every page),,"Motion layer (m-in, m-stagger, m-seq, m-row, m-meter)",p-mkt-motion,app/globals.css,Finished,TRUE,FALSE,TRUE,
9,Shell & chrome (applies to every page),,"Sidebar — agent — dark 264px rail, orange active chip",Main,components/app/agent-sidebar.tsx,Finished,TRUE,FALSE,TRUE,
10,Shell & chrome (applies to every page),,"Sidebar — admin — same rail, 8px items, 14px labels",p-adm-home,components/admin/admin-sidebar.tsx,Finished,TRUE,FALSE,TRUE,
11,Shell & chrome (applies to every page),,Sidebar — partner — shares the agent rail,p-par-overview,components/partner/partner-sidebar.tsx,Finished,TRUE,FALSE,TRUE,
12,Shell & chrome (applies to every page),,"Shared table — filled 10.5px header, 8px rows, grey rule, 16px gutters",List,components/ui/table.tsx,Finished,TRUE,FALSE,TRUE,
13,Shell & chrome (applies to every page),,"Shared table card — 12px radius, hairline shadow, plinth footer",List,components/ui/table-card.tsx,Finished,TRUE,FALSE,TRUE,
14,Shell & chrome (applies to every page),,"Stat strip — 30px figure, 10.5px label, delta chip",List,components/ui/stat.tsx,Finished,TRUE,FALSE,TRUE,
15,Shell & chrome (applies to every page),,Orange purge — 91 structural borders/grounds off the soft orange,Foundations,app/globals.css,Finished,TRUE,FALSE,TRUE,
16,Shell & chrome (applies to every page),,~20 bespoke tables normalised onto the artboard table,List,app/globals.css,Finished,TRUE,FALSE,TRUE,
17,Shell & chrome (applies to every page),,One page title — 32px/1.13/-0.025em everywhere inside the shell,every board,components/ui/page-header.tsx + app/globals.css,Finished,TRUE,FALSE,TRUE,
18,Shell & chrome (applies to every page),,"One control bar — white card, 34px controls, 8px corners, 13px type",List,app/globals.css,Finished,TRUE,FALSE,TRUE,
19,Shell & chrome (applies to every page),,Dark mode pass (all artboards are light-only),—,app/globals.css,Not started,FALSE,FALSE,FALSE,
20,Agent app,/app,Home redirect,p-app-home,app/app/page.tsx,Not started,FALSE,FALSE,FALSE,
21,Agent app,/app/[section],On the way,p-app-section,app/app/(shell)/[section]/page.tsx,Finished,TRUE,FALSE,TRUE,
22,Agent app,/app/accept-terms,Accept terms,p-pub-accept-terms,app/app/accept-terms/page.tsx,Not started,FALSE,FALSE,FALSE,
23,Agent app,/app/activity,Activity & scorecard,p-app-activity,app/app/(shell)/activity/page.tsx,Finished,TRUE,FALSE,TRUE,
24,Agent app,/app/appointments,Carrier appointments,p-app-appointments,app/app/(shell)/appointments/page.tsx,Finished,TRUE,FALSE,TRUE,
25,Agent app,/app/assignments,Lead assignment,p-app-assignments,app/app/(shell)/assignments/page.tsx,Finished,TRUE,FALSE,TRUE,
26,Agent app,/app/calendar,Appointment calendar,p-app-calendar,app/app/(shell)/calendar/page.tsx,Finished,TRUE,FALSE,TRUE,
27,Agent app,/app/callbacks,Callback calendar,p-app-callbacks,app/app/(shell)/callbacks/page.tsx,Finished,TRUE,FALSE,TRUE,
28,Agent app,/app/campaigns,Vendors & campaigns,p-app-campaigns,app/app/(shell)/campaigns/page.tsx,Finished,TRUE,FALSE,TRUE,
29,Agent app,/app/checkout,Checkout,p-pub-checkout,app/app/checkout/page.tsx,Not started,FALSE,FALSE,FALSE,
30,Agent app,/app/checkout/return,Checkout return,p-pub-checkout-return,app/app/checkout/return/page.tsx,Not started,FALSE,FALSE,FALSE,
31,Agent app,/app/confirm-email,Confirm email,p-pub-confirm-email,app/app/confirm-email/page.tsx,Not started,FALSE,FALSE,FALSE,
32,Agent app,/app/consent,Consent locker,p-app-consent,app/app/(shell)/consent/page.tsx,Finished,TRUE,FALSE,TRUE,
33,Agent app,/app/dashboard,Dashboard,p-app-dashboard,app/app/(shell)/dashboard/page.tsx,Finished,TRUE,FALSE,TRUE,
34,Agent app,/app/deal-flow,Daily deal flow,p-app-deal-flow,app/app/(shell)/deal-flow/page.tsx,Finished,TRUE,FALSE,TRUE,
35,Agent app,/app/dialer,Dialer,p-app-dialer,app/app/(shell)/dialer/page.tsx,Finished,TRUE,FALSE,TRUE,
36,Agent app,/app/duplicates,Duplicate check,p-app-duplicates,app/app/(shell)/duplicates/page.tsx,Finished,TRUE,FALSE,TRUE,
37,Agent app,/app/floor,Agent Floor,p-app-floor,app/app/(shell)/floor/page.tsx,Finished,TRUE,FALSE,TRUE,
38,Agent app,/app/import,List import,p-app-import,app/app/(shell)/import/page.tsx,Finished,TRUE,FALSE,TRUE,
39,Agent app,/app/import/review/[batchId],Import review,p-app-import-review,app/app/(shell)/import/review/[batchId]/page.tsx,Finished,TRUE,FALSE,TRUE,
40,Agent app,/app/inbound,Inbound transfers,p-app-inbound,app/app/(shell)/inbound/page.tsx,Finished,TRUE,FALSE,TRUE,
41,Agent app,/app/inbound/[id]/disposition,Disposition,p-app-disposition,app/app/(shell)/inbound/[workItemId]/disposition/page.tsx,Finished,TRUE,FALSE,TRUE,
42,Agent app,/app/inbound/[id]/verification,Verification,p-app-verification,app/app/(shell)/inbound/[workItemId]/verification/page.tsx,Finished,TRUE,FALSE,TRUE,
43,Agent app,/app/lapse-risk,Lapse risk,p-app-lapse-risk,app/app/(shell)/lapse-risk/page.tsx,Finished,TRUE,FALSE,TRUE,
44,Agent app,/app/lead-lists,Lead lists,p-app-lead-lists,app/app/(shell)/lead-lists/page.tsx,Finished,TRUE,FALSE,TRUE,
45,Agent app,/app/lead-lists/[batchId],Lead list detail,p-app-lead-list-detail,no page.tsx found,Not started,FALSE,FALSE,FALSE,
46,Agent app,/app/leads,Lead workspace,p-app-leads,app/app/(shell)/leads/page.tsx,Finished,TRUE,FALSE,TRUE,
47,Agent app,/app/leads/[id],Lead detail,p-app-lead-detail,app/app/(shell)/leads/[id]/page.tsx,Finished,TRUE,FALSE,TRUE,
48,Agent app,/app/ledger,Commission ledger,p-app-ledger,app/app/(shell)/ledger/page.tsx,Finished,TRUE,FALSE,TRUE,
49,Agent app,/app/login,Agent sign-in,p-pub-app-login,app/app/login/page.tsx,Not started,FALSE,FALSE,FALSE,
50,Agent app,/app/nurture,Lead recycling,p-app-nurture,app/app/(shell)/nurture/page.tsx,Finished,TRUE,FALSE,TRUE,
51,Agent app,/app/onboarding/business-profile,Business profile,p-pub-business-profile,app/app/onboarding/business-profile/page.tsx,Not started,FALSE,FALSE,FALSE,
52,Agent app,/app/partner-chat,Partner chat,p-app-partner-chat,app/app/(shell)/partner-chat/page.tsx,Finished,TRUE,FALSE,TRUE,
53,Agent app,/app/partner-quality,Partner quality,p-app-partner-quality,app/app/(shell)/partner-quality/page.tsx,Finished,TRUE,FALSE,TRUE,
54,Agent app,/app/policies,Policies,p-app-policies,app/app/(shell)/policies/page.tsx,Finished,TRUE,FALSE,TRUE,
55,Agent app,/app/publishers,Partners,p-app-publishers,app/app/(shell)/publishers/page.tsx,Finished,TRUE,FALSE,TRUE,
56,Agent app,/app/publishers/[id],Partner detail,p-app-publisher-detail,app/app/(shell)/publishers/[id]/page.tsx,Finished,TRUE,FALSE,TRUE,
57,Agent app,/app/scorecard,Scorecard alias,p-app-scorecard-alias,app/app/(shell)/scorecard/page.tsx,Finished,TRUE,FALSE,TRUE,
58,Agent app,/app/scoring,Queue scoring,p-app-scoring,app/app/(shell)/scoring/page.tsx,Finished,TRUE,FALSE,TRUE,
59,Agent app,/app/set-password,Set password,p-pub-set-password,app/app/set-password/page.tsx,Not started,FALSE,FALSE,FALSE,
60,Agent app,/app/settings,Settings · overview,p-app-settings,app/app/(shell)/settings/page.tsx,Partially done,TRUE,TRUE,FALSE,
61,Agent app,/app/signup,Agent signup,p-pub-app-signup,app/app/signup/page.tsx,Not started,FALSE,FALSE,FALSE,
62,Agent app,/app/tcpa,TCPA / DNC,p-app-tcpa,app/app/(shell)/tcpa/page.tsx,Finished,TRUE,FALSE,TRUE,
63,Agent app,/app/true-cpa,True CPA,p-app-true-cpa,app/app/(shell)/true-cpa/page.tsx,Finished,TRUE,FALSE,TRUE,
64,Agent app,/app/vendor-returns,Vendor returns,p-app-vendor-returns,app/app/(shell)/vendor-returns/page.tsx,Finished,TRUE,FALSE,TRUE,
65,Agent app,/app/vendors,Vendors alias,p-app-vendors-alias,app/app/(shell)/vendors/page.tsx,Finished,TRUE,FALSE,TRUE,
66,Agent app,/app/verify-email,Verify email,p-pub-verify-email,app/app/verify-email/page.tsx,Not started,FALSE,FALSE,FALSE,
67,Pipeline views (inside /app/leads),,LA-1 §10 · Pipelines — 4 views,Pipelines,,Not started,FALSE,FALSE,FALSE,
68,Pipeline views (inside /app/leads),,Board — kanban by stage,PipelineBoard,,Not started,FALSE,FALSE,FALSE,
69,Pipeline views (inside /app/leads),,"Table — sort, select, act",PipelineTable,,Not started,FALSE,FALSE,FALSE,
70,Pipeline views (inside /app/leads),,"List — grouped, with preview",PipelineList,,Not started,FALSE,FALSE,FALSE,
71,Pipeline views (inside /app/leads),,Edit a stage,StageEditor,,Not started,FALSE,FALSE,FALSE,
72,Pipeline views (inside /app/leads),,Disposition library,DispositionLibrary,,Not started,FALSE,FALSE,FALSE,
73,Pipeline views (inside /app/leads),,New pipeline — guided flow,NewPipeline,,Not started,FALSE,FALSE,FALSE,
74,Settings sections,,agency-profile  ·  Agency profile,p-set-agency-profile,,Not started,FALSE,FALSE,FALSE,
75,Settings sections,,cadence  ·  Dialing cadence,p-set-cadence,,Not started,FALSE,FALSE,FALSE,
76,Settings sections,,calendar  ·  Calendar & availability,p-set-calendar,,Not started,FALSE,FALSE,FALSE,
77,Settings sections,,calling-windows  ·  Calling windows,p-set-calling-windows,,Not started,FALSE,FALSE,FALSE,
78,Settings sections,,carrier-library  ·  Carrier library,p-set-carrier-library,,Not started,FALSE,FALSE,FALSE,
79,Settings sections,,dispositions  ·  Dispositions,p-set-dispositions,,Not started,FALSE,FALSE,FALSE,
80,Settings sections,,form-templates  ·  Form templates,p-set-form-templates,,Not started,FALSE,FALSE,FALSE,
81,Settings sections,,lead-posting  ·  Lead posting,p-set-lead-posting,,Not started,FALSE,FALSE,FALSE,
82,Settings sections,,"alerts, billing  ·  Managed elsewhere",p-set-managed,,Not started,FALSE,FALSE,FALSE,
83,Settings sections,,pipelines  ·  Pipelines,p-set-pipelines,,Not started,FALSE,FALSE,FALSE,
84,Settings sections,,queue-sla  ·  Queue & SLA,p-set-queue-sla,,Not started,FALSE,FALSE,FALSE,
85,Settings sections,,states-licences  ·  States & licences,p-set-states-licences,,Not started,FALSE,FALSE,FALSE,
86,Settings sections,,team-access  ·  Team & access,p-set-team-access,,Not started,FALSE,FALSE,FALSE,
87,Record tabs,,tab  ·  Feature overrides,p-adm-tenant-features,,Not started,FALSE,FALSE,FALSE,
88,Record tabs,,tab  ·  Subscription & billing,p-adm-tenant-subscription,,Not started,FALSE,FALSE,FALSE,
89,Record tabs,,tab  ·  Users & seats,p-adm-tenant-users,,Not started,FALSE,FALSE,FALSE,
90,Record tabs,,tab  ·  Attempts,p-lead-attempts,,Finished,TRUE,FALSE,TRUE,
91,Record tabs,,tab  ·  Callbacks,p-lead-callbacks,,Finished,TRUE,FALSE,TRUE,
92,Record tabs,,tab  ·  Notes,p-lead-notes,,Finished,TRUE,FALSE,TRUE,
93,Record tabs,,tab  ·  Nurture,p-lead-nurture,,Not started,FALSE,FALSE,FALSE,no per-lead nurture data; needs a new fetch
94,Overlays & drawers,,overlay  ·  Assign the remainder,p-ov-assign-drawer,,Not started,FALSE,FALSE,FALSE,
95,Overlays & drawers,,overlay  ·  Map the columns,p-ov-column-mapping,,Not started,FALSE,FALSE,FALSE,
96,Overlays & drawers,,overlay  ·  Revoke a posting key,p-ov-confirm-revoke,,Not started,FALSE,FALSE,FALSE,
97,Overlays & drawers,,overlay  ·  Screening preflight,p-ov-dialer-preflight,,Finished,TRUE,FALSE,TRUE,
98,Overlays & drawers,,overlay  ·  Record call outcome,p-ov-disposition-wizard,,Finished,TRUE,FALSE,TRUE,
99,Overlays & drawers,,overlay  ·  New stage,p-ov-stage-manager,,Not started,FALSE,FALSE,FALSE,
100,Gate screens,,404  ·  Not found,p-gate-404,,Not started,FALSE,FALSE,FALSE,no not-found.tsx exists in the app yet
101,Gate screens,,gate  ·  Plan does not include it,p-gate-feature,,Finished,TRUE,FALSE,TRUE,
102,Gate screens,,gate  ·  Role does not include it,p-gate-role,,Finished,TRUE,FALSE,TRUE,
103,Partner portal,/partner,Overview,p-par-overview,app/partner/(portal)/page.tsx,Finished,TRUE,FALSE,TRUE,
104,Partner portal,/partner/accept-invite,Accept invite,p-par-accept-invite,app/partner/accept-invite/page.tsx,Not started,FALSE,FALSE,FALSE,
105,Partner portal,/partner/login,Partner sign-in,p-par-login,app/partner/login/page.tsx,Not started,FALSE,FALSE,FALSE,
106,Partner portal,/partner/messages,Messages,p-par-messages,app/partner/(portal)/messages/page.tsx,Finished,TRUE,FALSE,TRUE,
107,Partner portal,/partner/pipeline,Pipeline,p-par-pipeline,app/partner/(portal)/pipeline/page.tsx,Finished,TRUE,FALSE,TRUE,
108,Partner portal,/partner/set-password,Set password,p-par-set-password,app/partner/set-password/page.tsx,Not started,FALSE,FALSE,FALSE,
109,Partner portal,/partner/settings,Settings,p-par-settings,app/partner/(portal)/settings/page.tsx,Finished,TRUE,FALSE,TRUE,
110,Partner portal,/partner/submit-lead,Submit a lead,p-par-submit-lead,app/partner/(portal)/submit-lead/page.tsx,Finished,TRUE,FALSE,TRUE,
111,Partner portal,/partner/team,Team access,p-par-team,app/partner/(portal)/team/page.tsx,Finished,TRUE,FALSE,TRUE,
112,Partner portal,/partner/team-review,Team review,p-par-team-review,app/partner/(portal)/team-review/page.tsx,Finished,TRUE,FALSE,TRUE,
113,Admin (staff console),/admin,Dashboard,p-adm-home,app/admin/(protected)/page.tsx,Finished,TRUE,FALSE,TRUE,
114,Admin (staff console),/admin/activity,Activity,p-adm-activity,app/admin/(protected)/activity/page.tsx,Finished,TRUE,FALSE,TRUE,
115,Admin (staff console),/admin/addons,Addons,p-adm-addons,app/admin/(protected)/addons/page.tsx,Finished,TRUE,FALSE,TRUE,
116,Admin (staff console),/admin/admins,Admins,p-adm-admins,app/admin/(protected)/admins/page.tsx,Finished,TRUE,FALSE,TRUE,
117,Admin (staff console),/admin/advanced,Advanced,p-adm-advanced,app/admin/(protected)/advanced/page.tsx,Finished,TRUE,FALSE,TRUE,
118,Admin (staff console),/admin/audit-log,Audit log,p-adm-audit-log,app/admin/(protected)/audit-log/page.tsx,Finished,TRUE,FALSE,TRUE,
119,Admin (staff console),/admin/billing,Billing,p-adm-billing,app/admin/(protected)/billing/page.tsx,Finished,TRUE,FALSE,TRUE,
120,Admin (staff console),/admin/carriers,Carriers,p-adm-carriers,app/admin/(protected)/carriers/page.tsx,Finished,TRUE,FALSE,TRUE,
121,Admin (staff console),/admin/compliance-sources,Compliance sources,p-adm-compliance,app/admin/(protected)/compliance-sources/page.tsx,Finished,TRUE,FALSE,TRUE,
122,Admin (staff console),/admin/coupons,Coupons,p-adm-coupons,app/admin/(protected)/coupons/page.tsx,Finished,TRUE,FALSE,TRUE,
123,Admin (staff console),/admin/credit-notes,Credit notes,p-adm-credit-notes,app/admin/(protected)/credit-notes/page.tsx,Finished,TRUE,FALSE,TRUE,
124,Admin (staff console),/admin/credits-limits,Credits & limits,p-adm-credits-limits,app/admin/(protected)/credits-limits/page.tsx,Finished,TRUE,FALSE,TRUE,
125,Admin (staff console),/admin/email,Email,p-adm-email,app/admin/(protected)/email/page.tsx,Finished,TRUE,FALSE,TRUE,
126,Admin (staff console),/admin/features,Feature flags,p-adm-features,app/admin/(protected)/features/page.tsx,Finished,TRUE,FALSE,TRUE,
127,Admin (staff console),/admin/invoices,Invoices,p-adm-invoices,app/admin/(protected)/invoices/page.tsx,Finished,TRUE,FALSE,TRUE,
128,Admin (staff console),/admin/invoices/[id],Invoice detail,p-adm-invoice-detail,app/admin/(protected)/invoices/[id]/page.tsx,Finished,TRUE,FALSE,TRUE,
129,Admin (staff console),/admin/invoices/[id]/print,Invoice print,p-adm-invoice-print,app/admin/(protected)/invoices/[id]/print/page.tsx,Finished,TRUE,FALSE,TRUE,
130,Admin (staff console),/admin/legal,Legal,p-adm-legal,app/admin/(protected)/legal/page.tsx,Finished,TRUE,FALSE,TRUE,
131,Admin (staff console),/admin/login,Staff sign-in,p-adm-login,app/admin/login/page.tsx,Not started,FALSE,FALSE,FALSE,
132,Admin (staff console),/admin/offers,Offers,p-adm-offers,app/admin/(protected)/offers/page.tsx,Finished,TRUE,FALSE,TRUE,
133,Admin (staff console),/admin/payments,Payments,p-adm-payments,app/admin/(protected)/payments/page.tsx,Finished,TRUE,FALSE,TRUE,
134,Admin (staff console),/admin/plans,Plans,p-adm-plans,app/admin/(protected)/plans/page.tsx,Finished,TRUE,FALSE,TRUE,
135,Admin (staff console),/admin/plans/[id]/edit,Plan editor,p-adm-plan-edit,app/admin/(protected)/plans/[id]/edit/page.tsx,Finished,TRUE,FALSE,TRUE,
136,Admin (staff console),/admin/products,Products,p-adm-products,app/admin/(protected)/products/page.tsx,Finished,TRUE,FALSE,TRUE,
137,Admin (staff console),/admin/revenue,Revenue,p-adm-revenue,app/admin/(protected)/revenue/page.tsx,Finished,TRUE,FALSE,TRUE,
138,Admin (staff console),/admin/settings,Settings,p-adm-settings-alias,app/admin/(protected)/settings/page.tsx,Finished,TRUE,FALSE,TRUE,
139,Admin (staff console),/admin/state-disclosures,Disclosures,p-adm-state-disclosures,app/admin/(protected)/state-disclosures/page.tsx,Finished,TRUE,FALSE,TRUE,
140,Admin (staff console),/admin/subscriptions,Subscriptions,p-adm-subscriptions,app/admin/(protected)/subscriptions/page.tsx,Finished,TRUE,FALSE,TRUE,
141,Admin (staff console),/admin/system,System,p-adm-system,app/admin/(protected)/system/page.tsx,Finished,TRUE,FALSE,TRUE,
142,Admin (staff console),/admin/templates,Templates,p-adm-templates,app/admin/(protected)/templates/page.tsx,Finished,TRUE,FALSE,TRUE,
143,Admin (staff console),/admin/tenants,Tenants,p-adm-tenants,app/admin/(protected)/tenants/page.tsx,Finished,TRUE,FALSE,TRUE,
144,Admin (staff console),/admin/tenants/[id],Tenant overview,p-adm-tenant-detail,app/admin/(protected)/tenants/[id]/page.tsx,Finished,TRUE,FALSE,TRUE,
145,Admin (staff console),/admin/trials,Trials,p-adm-trials,app/admin/(protected)/trials/page.tsx,Finished,TRUE,FALSE,TRUE,
146,Admin (staff console),/admin/users,Users,p-adm-users,app/admin/(protected)/users/page.tsx,Finished,TRUE,FALSE,TRUE,
147,Admin (staff console),/admin/users/[id],User detail,p-adm-user-detail,app/admin/(protected)/users/[id]/page.tsx,Finished,TRUE,FALSE,TRUE,
148,Admin (staff console),,Appointments & setters,p-app-booked-appointments,,Not started,FALSE,FALSE,FALSE,
149,Public / marketing / auth,/,Root redirect,p-pub-root,app/page.tsx,Not started,FALSE,FALSE,FALSE,
150,Public / marketing / auth,/,Landing page,p-mkt-home,app/page.tsx,Not started,FALSE,FALSE,FALSE,
151,Public / marketing / auth,/affiliate/[slug],Affiliate intake,p-pub-affiliate,app/affiliate/[slug]/page.tsx,Not started,FALSE,FALSE,FALSE,
152,Public / marketing / auth,/design,Primitives,p-pub-design,app/design/page.tsx,Not started,FALSE,FALSE,FALSE,
153,Public / marketing / auth,/legal/[type],Legal document,p-pub-legal,app/legal/[type]/page.tsx,Not started,FALSE,FALSE,FALSE,
154,Public / marketing / auth,/maintenance,Maintenance,p-pub-maintenance,app/maintenance/page.tsx,Not started,FALSE,FALSE,FALSE,
155,Public / marketing / auth,/pricing,Pricing · interactive,p-pub-pricing,app/pricing/page.tsx,Not started,FALSE,FALSE,FALSE,
156,Public / marketing / auth,/signup,Public signup,p-pub-signup,app/signup/page.tsx,Not started,FALSE,FALSE,FALSE,
157,Public / marketing / auth,/verification-failed,Verification failed,p-pub-verification-failed,app/verification-failed/page.tsx,Not started,FALSE,FALSE,FALSE,
158,Concept boards (reference only),,LA-2 §10 · Dialer,Dialer,,Not started,FALSE,FALSE,FALSE,
159,Concept boards (reference only),,LA-2 §13 · Queue scoring,QueueScoring,,Not started,FALSE,FALSE,FALSE,
160,Concept boards (reference only),,LA-2.24 · Lead assignment,Assignment,,Not started,FALSE,FALSE,FALSE,
161,Concept boards (reference only),,LA-2 §6 · Before it reaches an agent,Pool,,Not started,FALSE,FALSE,FALSE,
162,Concept boards (reference only),,LA-2 §11 · Appointments & setters,Appointments,,Not started,FALSE,FALSE,FALSE,
163,Concept boards (reference only),,LA-2 §16 · Activity / call log,Activity,,Not started,FALSE,FALSE,FALSE,
164,Concept boards (reference only),,LA-2 §14 · Scorecard,Scorecard,,Not started,FALSE,FALSE,FALSE,
165,Concept boards (reference only),,LA-2 §4 · Lead recycling,Recycling,,Not started,FALSE,FALSE,FALSE,
166,Concept boards (reference only),,LA-2 §15 · Vendor returns,Returns,,Not started,FALSE,FALSE,FALSE,
167,Concept boards (reference only),,LA-2 §5 · Vendors,Vendors,,Not started,FALSE,FALSE,FALSE,
168,Concept boards (reference only),,LA-2 §5 · Campaigns & cadence,Campaigns,,Not started,FALSE,FALSE,FALSE,
169,Concept boards (reference only),,LA-2 §3 · Daily deal flow,DealFlow,,Not started,FALSE,FALSE,FALSE,
170,Concept boards (reference only),,LA-1 §7 · Agent floor,Floor,,Not started,FALSE,FALSE,FALSE,
171,Concept boards (reference only),,LA-1 §6 · Inbound inbox,Inbox,,Not started,FALSE,FALSE,FALSE,
172,Concept boards (reference only),,LA-1 §8 · Lead workspace,LeadWorkspace,,Not started,FALSE,FALSE,FALSE,
173,Concept boards (reference only),,LA-1 §4 · Partner submits a lead,SubmitLead,,Not started,FALSE,FALSE,FALSE,
174,Concept boards (reference only),,LA-1 §9 · Callbacks,Callbacks,,Not started,FALSE,FALSE,FALSE,
175,Concept boards (reference only),,LA-1 §12 · Partner chat,PartnerChat,,Not started,FALSE,FALSE,FALSE,
176,Concept boards (reference only),,LA-1 §3 · Partners & publishers,Publishers,,Not started,FALSE,FALSE,FALSE,
